{"amount": 0.32269440798195076, "transaction_frequency": 0.14810039233763528, "time_of_day_evening": 0.1552374866579373, "time_of_day_morning": 0.13303830616641382, "time_of_day_night": 0.16937937507571715, "mobile": 0.03629946653559169, "tablet": 0.035250565244753986}